{"stats":{"minecraft:used":{"minecraft:apple":1,"minecraft:bread":4,"minecraft:stone_pickaxe":35,"minecraft:oak_planks":7,"minecraft:wooden_pickaxe":3,"minecraft:golden_leggings":1,"minecraft:stone_axe":9,"minecraft:dirt":2,"minecraft:mutton":2,"minecraft:crafting_table":2,"minecraft:oak_sapling":2,"minecraft:yellow_bed":1,"minecraft:golden_shovel":1,"minecraft:dandelion":1,"minecraft:azure_bluet":1},"minecraft:custom":{"minecraft:time_since_rest":10974,"minecraft:sprint_one_cm":96758,"minecraft:damage_taken":665,"minecraft:walk_one_cm":49856,"minecraft:mob_kills":4,"minecraft:drop":4,"minecraft:damage_dealt":793,"minecraft:interact_with_crafting_table":13,"minecraft:fly_one_cm":144762,"minecraft:player_kills":1,"minecraft:open_chest":3,"minecraft:play_time":24037,"minecraft:crouch_one_cm":2468,"minecraft:deaths":2,"minecraft:sneak_time":1237,"minecraft:walk_under_water_one_cm":475,"minecraft:jump":744,"minecraft:leave_game":2,"minecraft:walk_on_water_one_cm":266,"minecraft:time_since_death":10432,"minecraft:total_world_time":24037,"minecraft:fall_one_cm":21676},"minecraft:killed_by":{"minecraft:zombie":1},"minecraft:mined":{"minecraft:hay_block":14,"minecraft:iron_ore":5,"minecraft:dandelion":2,"minecraft:yellow_bed":1,"minecraft:powder_snow":2,"minecraft:azure_bluet":1,"minecraft:crafting_table":3,"minecraft:grass":21,"minecraft:oak_log":7,"minecraft:coal_ore":18,"minecraft:dirt_path":1,"minecraft:tall_grass":2,"minecraft:stone":15,"minecraft:sugar_cane":2,"minecraft:oak_leaves":6},"minecraft:dropped":{"minecraft:wheat_seeds":3,"minecraft:spider_eye":1},"minecraft:crafted":{"minecraft:oak_planks":28,"minecraft:crafting_table":1,"minecraft:iron_ingot":1,"minecraft:wooden_pickaxe":1,"minecraft:stone_pickaxe":1,"minecraft:stone_axe":1,"minecraft:bread":39,"minecraft:wheat":117},"minecraft:picked_up":{"minecraft:raw_iron":5,"minecraft:stick":7,"minecraft:crafting_table":3,"minecraft:azure_bluet":1,"minecraft:brown_wool":1,"minecraft:dandelion":2,"minecraft:oak_log":7,"minecraft:yellow_bed":1,"minecraft:dirt":2,"minecraft:spider_eye":1,"minecraft:apple":1,"minecraft:wheat_seeds":3,"minecraft:hay_block":13,"minecraft:sugar_cane":2,"minecraft:oak_sapling":2,"minecraft:mutton":2,"minecraft:coal":18,"minecraft:white_wool":1,"minecraft:cobblestone":15},"minecraft:killed":{"minecraft:sheep":2,"minecraft:zombie":1,"minecraft:spider":1}},"DataVersion":2975}