{"stats":{"minecraft:used":{"minecraft:cooked_mutton":6,"minecraft:stone_pickaxe":96,"minecraft:wooden_pickaxe":11,"minecraft:stone_axe":53,"minecraft:cobblestone":27,"minecraft:mutton":1,"minecraft:crafting_table":5,"minecraft:furnace":1,"minecraft:smoker":1},"minecraft:custom":{"minecraft:time_since_rest":18882,"minecraft:interact_with_furnace":5,"minecraft:sprint_one_cm":104034,"minecraft:damage_taken":812,"minecraft:walk_one_cm":96601,"minecraft:mob_kills":17,"minecraft:drop":4,"minecraft:damage_dealt":2775,"minecraft:interact_with_crafting_table":12,"minecraft:fly_one_cm":171289,"minecraft:crouch_one_cm":1150,"minecraft:play_time":34154,"minecraft:deaths":2,"minecraft:sneak_time":666,"minecraft:jump":942,"minecraft:leave_game":1,"minecraft:time_since_death":18841,"minecraft:interact_with_smoker":7,"minecraft:total_world_time":34154,"minecraft:fall_one_cm":25696},"minecraft:killed_by":{"minecraft:player":1},"minecraft:mined":{"minecraft:iron_ore":29,"minecraft:smoker":1,"minecraft:dandelion":1,"minecraft:cornflower":1,"minecraft:bee_nest":1,"minecraft:crafting_table":3,"minecraft:grass":23,"minecraft:oak_log":21,"minecraft:coal_ore":31,"minecraft:tall_grass":3,"minecraft:stone":46,"minecraft:oak_leaves":2},"minecraft:dropped":{"minecraft:wheat_seeds":3,"minecraft:spider_eye":1},"minecraft:crafted":{"minecraft:oak_planks":44,"minecraft:iron_boots":1,"minecraft:iron_chestplate":1,"minecraft:crafting_table":2,"minecraft:iron_helmet":1,"minecraft:iron_ingot":24,"minecraft:stick":12,"minecraft:wooden_pickaxe":1,"minecraft:stone_pickaxe":1,"minecraft:iron_leggings":1,"minecraft:furnace":2,"minecraft:white_bed":1,"minecraft:torch":4,"minecraft:stone_axe":1,"minecraft:air":0,"minecraft:cooked_mutton":10,"minecraft:smoker":1},"minecraft:picked_up":{"minecraft:stick":8,"minecraft:crafting_table":6,"minecraft:raw_iron":47,"minecraft:dandelion":1,"minecraft:wooden_pickaxe":3,"minecraft:smoker":1,"minecraft:oak_log":24,"minecraft:white_bed":1,"minecraft:gunpowder":4,"minecraft:string":4,"minecraft:cornflower":1,"minecraft:spider_eye":2,"minecraft:rabbit_foot":1,"minecraft:arrow":1,"minecraft:rotten_flesh":8,"minecraft:stone_axe":1,"minecraft:wheat_seeds":6,"minecraft:rabbit_hide":2,"minecraft:stone_pickaxe":2,"minecraft:rabbit":1,"minecraft:mutton":23,"minecraft:oak_planks":24,"minecraft:coal":88,"minecraft:white_wool":10,"minecraft:cobblestone":73},"minecraft:killed":{"minecraft:skeleton":2,"minecraft:sheep":7,"minecraft:zombie":3,"minecraft:rabbit":1,"minecraft:spider":3,"minecraft:creeper":1}},"DataVersion":2975}